OrderMonth,Subtype,Counts
2019-01,AMMUNITION,197
2019-01,AMULET / NECKLACE,250
2019-01,ARMOUR OTHER,369
2019-01,BELT / GIRDLE,117
2019-01,BOOTS,97
2019-01,BRACERS,70
2019-01,BRASS INSTRUMENT,104
2019-01,CLOAK,295
2019-01,CLOTHING,290
2019-01,CONTAINER,231
2019-01,GAMING SET,111
2019-01,GAUNTLETS / GLOVES,101
2019-01,GOGGLES,137
2019-01,HEAVY ARMOUR,268
2019-01,HELMET,326
2019-01,IOUN STONE,291
2019-01,LIGHT ARMOUR,236
2019-01,LIVESTOCK,99
2019-01,MAGIC UTILITY,1480
2019-01,MARTIAL MELEE WEAPON,874
2019-01,MARTIAL RANGED WEAPON,200
2019-01,MEDIUM ARMOUR,156
2019-01,MOUNT,551
2019-01,PERCUSSION INSTRUMENT,32
2019-01,POTIONS & ALCHEMY,730
2019-01,RING,400
2019-01,ROD,168
2019-01,SCROLL,837
2019-01,SHIELD,226
2019-01,SIMPLE MELEE WEAPON,657
2019-01,SIMPLE RANGED WEAPON,183
2019-01,SPELL FOCUS,723
2019-01,STAFF,292
2019-01,STRING INSTRUMENT,237
2019-01,SUMMONING DEVICE,422
2019-01,SURVIVAL & WILDERNESS,409
2019-01,TOOL KITS,514
2019-01,TOOLS,927
2019-01,VEHICLE,27
2019-01,WAND,282
2019-01,WEAPON OTHER,81
2019-01,WIND INSTRUMENT,118
2019-02,AMMUNITION,159
2019-02,AMULET / NECKLACE,168
2019-02,ARMOUR OTHER,331
2019-02,BELT / GIRDLE,97
2019-02,BOOTS,76
2019-02,BRACERS,51
2019-02,BRASS INSTRUMENT,80
2019-02,CLOAK,272
2019-02,CLOTHING,269
2019-02,CONTAINER,204
2019-02,GAMING SET,106
2019-02,GAUNTLETS / GLOVES,96
2019-02,GOGGLES,135
2019-02,HEAVY ARMOUR,213
2019-02,HELMET,294
2019-02,IOUN STONE,269
2019-02,LIGHT ARMOUR,205
2019-02,LIVESTOCK,90
2019-02,MAGIC UTILITY,1420
2019-02,MARTIAL MELEE WEAPON,808
2019-02,MARTIAL RANGED WEAPON,192
2019-02,MEDIUM ARMOUR,161
2019-02,MOUNT,515
2019-02,PERCUSSION INSTRUMENT,28
2019-02,POTIONS & ALCHEMY,640
2019-02,RING,354
2019-02,ROD,130
2019-02,SCROLL,727
2019-02,SHIELD,211
2019-02,SIMPLE MELEE WEAPON,558
2019-02,SIMPLE RANGED WEAPON,153
2019-02,SPELL FOCUS,580
2019-02,STAFF,258
2019-02,STRING INSTRUMENT,193
2019-02,SUMMONING DEVICE,367
2019-02,SURVIVAL & WILDERNESS,376
2019-02,TOOL KITS,472
2019-02,TOOLS,859
2019-02,VEHICLE,20
2019-02,WAND,241
2019-02,WEAPON OTHER,60
2019-02,WIND INSTRUMENT,129
2019-03,AMMUNITION,191
2019-03,AMULET / NECKLACE,222
2019-03,ARMOUR OTHER,347
2019-03,BELT / GIRDLE,111
2019-03,BOOTS,82
2019-03,BRACERS,67
2019-03,BRASS INSTRUMENT,99
2019-03,CLOAK,254
2019-03,CLOTHING,285
2019-03,CONTAINER,233
2019-03,GAMING SET,109
2019-03,GAUNTLETS / GLOVES,108
2019-03,GOGGLES,153
2019-03,HEAVY ARMOUR,246
2019-03,HELMET,320
2019-03,IOUN STONE,276
2019-03,LIGHT ARMOUR,266
2019-03,LIVESTOCK,101
2019-03,MAGIC UTILITY,1532
2019-03,MARTIAL MELEE WEAPON,952
2019-03,MARTIAL RANGED WEAPON,226
2019-03,MEDIUM ARMOUR,190
2019-03,MOUNT,575
2019-03,PERCUSSION INSTRUMENT,57
2019-03,POTIONS & ALCHEMY,733
2019-03,RING,418
2019-03,ROD,174
2019-03,SCROLL,799
2019-03,SHIELD,234
2019-03,SIMPLE MELEE WEAPON,667
2019-03,SIMPLE RANGED WEAPON,189
2019-03,SPELL FOCUS,729
2019-03,STAFF,289
2019-03,STRING INSTRUMENT,194
2019-03,SUMMONING DEVICE,426
2019-03,SURVIVAL & WILDERNESS,408
2019-03,TOOL KITS,445
2019-03,TOOLS,938
2019-03,VEHICLE,23
2019-03,WAND,322
2019-03,WEAPON OTHER,69
2019-03,WIND INSTRUMENT,146
2019-04,AMMUNITION,180
2019-04,AMULET / NECKLACE,219
2019-04,ARMOUR OTHER,341
2019-04,BELT / GIRDLE,95
2019-04,BOOTS,87
2019-04,BRACERS,65
2019-04,BRASS INSTRUMENT,93
2019-04,CLOAK,279
2019-04,CLOTHING,294
2019-04,CONTAINER,229
2019-04,GAMING SET,113
2019-04,GAUNTLETS / GLOVES,108
2019-04,GOGGLES,141
2019-04,HEAVY ARMOUR,263
2019-04,HELMET,316
2019-04,IOUN STONE,273
2019-04,LIGHT ARMOUR,199
2019-04,LIVESTOCK,82
2019-04,MAGIC UTILITY,1443
2019-04,MARTIAL MELEE WEAPON,976
2019-04,MARTIAL RANGED WEAPON,227
2019-04,MEDIUM ARMOUR,183
2019-04,MOUNT,604
2019-04,PERCUSSION INSTRUMENT,45
2019-04,POTIONS & ALCHEMY,734
2019-04,RING,370
2019-04,ROD,145
2019-04,SCROLL,767
2019-04,SHIELD,205
2019-04,SIMPLE MELEE WEAPON,644
2019-04,SIMPLE RANGED WEAPON,179
2019-04,SPELL FOCUS,679
2019-04,STAFF,289
2019-04,STRING INSTRUMENT,225
2019-04,SUMMONING DEVICE,392
2019-04,SURVIVAL & WILDERNESS,370
2019-04,TOOL KITS,465
2019-04,TOOLS,863
2019-04,VEHICLE,20
2019-04,WAND,320
2019-04,WEAPON OTHER,78
2019-04,WIND INSTRUMENT,123
2019-05,AMMUNITION,205
2019-05,AMULET / NECKLACE,242
2019-05,ARMOUR OTHER,395
2019-05,BELT / GIRDLE,87
2019-05,BOOTS,78
2019-05,BRACERS,61
2019-05,BRASS INSTRUMENT,93
2019-05,CLOAK,295
2019-05,CLOTHING,263
2019-05,CONTAINER,240
2019-05,GAMING SET,117
2019-05,GAUNTLETS / GLOVES,101
2019-05,GOGGLES,146
2019-05,HEAVY ARMOUR,290
2019-05,HELMET,333
2019-05,IOUN STONE,282
2019-05,LIGHT ARMOUR,226
2019-05,LIVESTOCK,105
2019-05,MAGIC UTILITY,1502
2019-05,MARTIAL MELEE WEAPON,1045
2019-05,MARTIAL RANGED WEAPON,243
2019-05,MEDIUM ARMOUR,242
2019-05,MOUNT,582
2019-05,PERCUSSION INSTRUMENT,43
2019-05,POTIONS & ALCHEMY,669
2019-05,RING,340
2019-05,ROD,139
2019-05,SCROLL,753
2019-05,SHIELD,219
2019-05,SIMPLE MELEE WEAPON,743
2019-05,SIMPLE RANGED WEAPON,205
2019-05,SPELL FOCUS,710
2019-05,STAFF,337
2019-05,STRING INSTRUMENT,204
2019-05,SUMMONING DEVICE,419
2019-05,SURVIVAL & WILDERNESS,364
2019-05,TOOL KITS,455
2019-05,TOOLS,904
2019-05,VEHICLE,30
2019-05,WAND,333
2019-05,WEAPON OTHER,68
2019-05,WIND INSTRUMENT,112
2019-06,AMMUNITION,231
2019-06,AMULET / NECKLACE,208
2019-06,ARMOUR OTHER,349
2019-06,BELT / GIRDLE,88
2019-06,BOOTS,72
2019-06,BRACERS,53
2019-06,BRASS INSTRUMENT,91
2019-06,CLOAK,255
2019-06,CLOTHING,248
2019-06,CONTAINER,222
2019-06,GAMING SET,99
2019-06,GAUNTLETS / GLOVES,86
2019-06,GOGGLES,120
2019-06,HEAVY ARMOUR,301
2019-06,HELMET,310
2019-06,IOUN STONE,257
2019-06,LIGHT ARMOUR,205
2019-06,LIVESTOCK,99
2019-06,MAGIC UTILITY,1397
2019-06,MARTIAL MELEE WEAPON,1018
2019-06,MARTIAL RANGED WEAPON,228
2019-06,MEDIUM ARMOUR,222
2019-06,MOUNT,576
2019-06,PERCUSSION INSTRUMENT,24
2019-06,POTIONS & ALCHEMY,659
2019-06,RING,391
2019-06,ROD,145
2019-06,SCROLL,735
2019-06,SHIELD,208
2019-06,SIMPLE MELEE WEAPON,779
2019-06,SIMPLE RANGED WEAPON,181
2019-06,SPELL FOCUS,639
2019-06,STAFF,304
2019-06,STRING INSTRUMENT,202
2019-06,SUMMONING DEVICE,382
2019-06,SURVIVAL & WILDERNESS,371
2019-06,TOOL KITS,446
2019-06,TOOLS,834
2019-06,VEHICLE,22
2019-06,WAND,320
2019-06,WEAPON OTHER,93
2019-06,WIND INSTRUMENT,134
2019-07,AMMUNITION,255
2019-07,AMULET / NECKLACE,216
2019-07,ARMOUR OTHER,386
2019-07,BELT / GIRDLE,90
2019-07,BOOTS,90
2019-07,BRACERS,69
2019-07,BRASS INSTRUMENT,81
2019-07,CLOAK,285
2019-07,CLOTHING,273
2019-07,CONTAINER,213
2019-07,GAMING SET,121
2019-07,GAUNTLETS / GLOVES,97
2019-07,GOGGLES,107
2019-07,HEAVY ARMOUR,312
2019-07,HELMET,330
2019-07,IOUN STONE,270
2019-07,LIGHT ARMOUR,196
2019-07,LIVESTOCK,93
2019-07,MAGIC UTILITY,1478
2019-07,MARTIAL MELEE WEAPON,1260
2019-07,MARTIAL RANGED WEAPON,289
2019-07,MEDIUM ARMOUR,241
2019-07,MOUNT,597
2019-07,PERCUSSION INSTRUMENT,32
2019-07,POTIONS & ALCHEMY,784
2019-07,RING,400
2019-07,ROD,159
2019-07,SCROLL,707
2019-07,SHIELD,293
2019-07,SIMPLE MELEE WEAPON,946
2019-07,SIMPLE RANGED WEAPON,241
2019-07,SPELL FOCUS,632
2019-07,STAFF,408
2019-07,STRING INSTRUMENT,205
2019-07,SUMMONING DEVICE,380
2019-07,SURVIVAL & WILDERNESS,374
2019-07,TOOL KITS,453
2019-07,TOOLS,877
2019-07,VEHICLE,27
2019-07,WAND,321
2019-07,WEAPON OTHER,92
2019-07,WIND INSTRUMENT,117
2019-08,AMMUNITION,233
2019-08,AMULET / NECKLACE,208
2019-08,ARMOUR OTHER,397
2019-08,BELT / GIRDLE,103
2019-08,BOOTS,79
2019-08,BRACERS,61
2019-08,BRASS INSTRUMENT,77
2019-08,CLOAK,270
2019-08,CLOTHING,259
2019-08,CONTAINER,206
2019-08,GAMING SET,117
2019-08,GAUNTLETS / GLOVES,88
2019-08,GOGGLES,119
2019-08,HEAVY ARMOUR,306
2019-08,HELMET,351
2019-08,IOUN STONE,266
2019-08,LIGHT ARMOUR,202
2019-08,LIVESTOCK,93
2019-08,MAGIC UTILITY,1433
2019-08,MARTIAL MELEE WEAPON,1161
2019-08,MARTIAL RANGED WEAPON,276
2019-08,MEDIUM ARMOUR,222
2019-08,MOUNT,597
2019-08,PERCUSSION INSTRUMENT,32
2019-08,POTIONS & ALCHEMY,718
2019-08,RING,403
2019-08,ROD,193
2019-08,SCROLL,735
2019-08,SHIELD,268
2019-08,SIMPLE MELEE WEAPON,894
2019-08,SIMPLE RANGED WEAPON,229
2019-08,SPELL FOCUS,623
2019-08,STAFF,360
2019-08,STRING INSTRUMENT,201
2019-08,SUMMONING DEVICE,382
2019-08,SURVIVAL & WILDERNESS,397
2019-08,TOOL KITS,456
2019-08,TOOLS,830
2019-08,VEHICLE,25
2019-08,WAND,284
2019-08,WEAPON OTHER,102
2019-08,WIND INSTRUMENT,113
2019-09,AMMUNITION,245
2019-09,AMULET / NECKLACE,215
2019-09,ARMOUR OTHER,373
2019-09,BELT / GIRDLE,111
2019-09,BOOTS,79
2019-09,BRACERS,57
2019-09,BRASS INSTRUMENT,90
2019-09,CLOAK,237
2019-09,CLOTHING,263
2019-09,CONTAINER,225
2019-09,GAMING SET,111
2019-09,GAUNTLETS / GLOVES,102
2019-09,GOGGLES,105
2019-09,HEAVY ARMOUR,316
2019-09,HELMET,326
2019-09,IOUN STONE,261
2019-09,LIGHT ARMOUR,192
2019-09,LIVESTOCK,93
2019-09,MAGIC UTILITY,1491
2019-09,MARTIAL MELEE WEAPON,1184
2019-09,MARTIAL RANGED WEAPON,261
2019-09,MEDIUM ARMOUR,230
2019-09,MOUNT,513
2019-09,PERCUSSION INSTRUMENT,24
2019-09,POTIONS & ALCHEMY,649
2019-09,RING,385
2019-09,ROD,182
2019-09,SCROLL,749
2019-09,SHIELD,276
2019-09,SIMPLE MELEE WEAPON,877
2019-09,SIMPLE RANGED WEAPON,209
2019-09,SPELL FOCUS,675
2019-09,STAFF,358
2019-09,STRING INSTRUMENT,221
2019-09,SUMMONING DEVICE,382
2019-09,SURVIVAL & WILDERNESS,362
2019-09,TOOL KITS,425
2019-09,TOOLS,888
2019-09,VEHICLE,26
2019-09,WAND,312
2019-09,WEAPON OTHER,98
2019-09,WIND INSTRUMENT,112
2019-10,AMMUNITION,288
2019-10,AMULET / NECKLACE,219
2019-10,ARMOUR OTHER,401
2019-10,BELT / GIRDLE,95
2019-10,BOOTS,92
2019-10,BRACERS,57
2019-10,BRASS INSTRUMENT,56
2019-10,CLOAK,298
2019-10,CLOTHING,266
2019-10,CONTAINER,229
2019-10,GAMING SET,125
2019-10,GAUNTLETS / GLOVES,120
2019-10,GOGGLES,115
2019-10,HEAVY ARMOUR,400
2019-10,HELMET,377
2019-10,IOUN STONE,311
2019-10,LIGHT ARMOUR,241
2019-10,LIVESTOCK,104
2019-10,MAGIC UTILITY,1466
2019-10,MARTIAL MELEE WEAPON,1357
2019-10,MARTIAL RANGED WEAPON,273
2019-10,MEDIUM ARMOUR,262
2019-10,MOUNT,508
2019-10,PERCUSSION INSTRUMENT,44
2019-10,POTIONS & ALCHEMY,661
2019-10,RING,414
2019-10,ROD,208
2019-10,SCROLL,754
2019-10,SHIELD,291
2019-10,SIMPLE MELEE WEAPON,955
2019-10,SIMPLE RANGED WEAPON,252
2019-10,SPELL FOCUS,656
2019-10,STAFF,376
2019-10,STRING INSTRUMENT,210
2019-10,SUMMONING DEVICE,410
2019-10,SURVIVAL & WILDERNESS,378
2019-10,TOOL KITS,451
2019-10,TOOLS,817
2019-10,VEHICLE,28
2019-10,WAND,334
2019-10,WEAPON OTHER,80
2019-10,WIND INSTRUMENT,118
2019-11,AMMUNITION,257
2019-11,AMULET / NECKLACE,184
2019-11,ARMOUR OTHER,394
2019-11,BELT / GIRDLE,98
2019-11,BOOTS,77
2019-11,BRACERS,51
2019-11,BRASS INSTRUMENT,97
2019-11,CLOAK,267
2019-11,CLOTHING,250
2019-11,CONTAINER,171
2019-11,GAMING SET,87
2019-11,GAUNTLETS / GLOVES,100
2019-11,GOGGLES,96
2019-11,HEAVY ARMOUR,331
2019-11,HELMET,356
2019-11,IOUN STONE,280
2019-11,LIGHT ARMOUR,267
2019-11,LIVESTOCK,88
2019-11,MAGIC UTILITY,1324
2019-11,MARTIAL MELEE WEAPON,1223
2019-11,MARTIAL RANGED WEAPON,237
2019-11,MEDIUM ARMOUR,265
2019-11,MOUNT,517
2019-11,PERCUSSION INSTRUMENT,28
2019-11,POTIONS & ALCHEMY,705
2019-11,RING,386
2019-11,ROD,187
2019-11,SCROLL,686
2019-11,SHIELD,205
2019-11,SIMPLE MELEE WEAPON,898
2019-11,SIMPLE RANGED WEAPON,213
2019-11,SPELL FOCUS,627
2019-11,STAFF,308
2019-11,STRING INSTRUMENT,178
2019-11,SUMMONING DEVICE,343
2019-11,SURVIVAL & WILDERNESS,348
2019-11,TOOL KITS,423
2019-11,TOOLS,785
2019-11,VEHICLE,22
2019-11,WAND,270
2019-11,WEAPON OTHER,82
2019-11,WIND INSTRUMENT,119
2019-12,AMMUNITION,247
2019-12,AMULET / NECKLACE,201
2019-12,ARMOUR OTHER,459
2019-12,BELT / GIRDLE,102
2019-12,BOOTS,87
2019-12,BRACERS,59
2019-12,BRASS INSTRUMENT,65
2019-12,CLOAK,261
2019-12,CLOTHING,270
2019-12,CONTAINER,207
2019-12,GAMING SET,125
2019-12,GAUNTLETS / GLOVES,121
2019-12,GOGGLES,112
2019-12,HEAVY ARMOUR,321
2019-12,HELMET,413
2019-12,IOUN STONE,260
2019-12,LIGHT ARMOUR,277
2019-12,LIVESTOCK,98
2019-12,MAGIC UTILITY,1492
2019-12,MARTIAL MELEE WEAPON,1217
2019-12,MARTIAL RANGED WEAPON,243
2019-12,MEDIUM ARMOUR,293
2019-12,MOUNT,548
2019-12,PERCUSSION INSTRUMENT,37
2019-12,POTIONS & ALCHEMY,677
2019-12,RING,368
2019-12,ROD,194
2019-12,SCROLL,736
2019-12,SHIELD,259
2019-12,SIMPLE MELEE WEAPON,1002
2019-12,SIMPLE RANGED WEAPON,241
2019-12,SPELL FOCUS,691
2019-12,STAFF,326
2019-12,STRING INSTRUMENT,181
2019-12,SUMMONING DEVICE,415
2019-12,SURVIVAL & WILDERNESS,373
2019-12,TOOL KITS,424
2019-12,TOOLS,830
2019-12,VEHICLE,29
2019-12,WAND,275
2019-12,WEAPON OTHER,80
2019-12,WIND INSTRUMENT,113
2020-01,AMMUNITION,255
2020-01,AMULET / NECKLACE,221
2020-01,ARMOUR OTHER,399
2020-01,BELT / GIRDLE,86
2020-01,BOOTS,100
2020-01,BRACERS,51
2020-01,BRASS INSTRUMENT,77
2020-01,CLOAK,251
2020-01,CLOTHING,236
2020-01,CONTAINER,204
2020-01,GAMING SET,84
2020-01,GAUNTLETS / GLOVES,102
2020-01,GOGGLES,117
2020-01,HEAVY ARMOUR,337
2020-01,HELMET,367
2020-01,IOUN STONE,268
2020-01,LIGHT ARMOUR,296
2020-01,LIVESTOCK,101
2020-01,MAGIC UTILITY,1420
2020-01,MARTIAL MELEE WEAPON,1115
2020-01,MARTIAL RANGED WEAPON,270
2020-01,MEDIUM ARMOUR,285
2020-01,MOUNT,549
2020-01,PERCUSSION INSTRUMENT,32
2020-01,POTIONS & ALCHEMY,660
2020-01,RING,388
2020-01,ROD,199
2020-01,SCROLL,688
2020-01,SHIELD,296
2020-01,SIMPLE MELEE WEAPON,951
2020-01,SIMPLE RANGED WEAPON,229
2020-01,SPELL FOCUS,650
2020-01,STAFF,319
2020-01,STRING INSTRUMENT,208
2020-01,SUMMONING DEVICE,382
2020-01,SURVIVAL & WILDERNESS,362
2020-01,TOOL KITS,440
2020-01,TOOLS,819
2020-01,VEHICLE,23
2020-01,WAND,291
2020-01,WEAPON OTHER,76
2020-01,WIND INSTRUMENT,121
2020-02,AMMUNITION,285
2020-02,AMULET / NECKLACE,205
2020-02,ARMOUR OTHER,413
2020-02,BELT / GIRDLE,99
2020-02,BOOTS,73
2020-02,BRACERS,59
2020-02,BRASS INSTRUMENT,73
2020-02,CLOAK,261
2020-02,CLOTHING,255
2020-02,CONTAINER,218
2020-02,GAMING SET,106
2020-02,GAUNTLETS / GLOVES,113
2020-02,GOGGLES,108
2020-02,HEAVY ARMOUR,273
2020-02,HELMET,382
2020-02,IOUN STONE,254
2020-02,LIGHT ARMOUR,288
2020-02,LIVESTOCK,81
2020-02,MAGIC UTILITY,1394
2020-02,MARTIAL MELEE WEAPON,1158
2020-02,MARTIAL RANGED WEAPON,228
2020-02,MEDIUM ARMOUR,267
2020-02,MOUNT,568
2020-02,PERCUSSION INSTRUMENT,39
2020-02,POTIONS & ALCHEMY,618
2020-02,RING,348
2020-02,ROD,184
2020-02,SCROLL,690
2020-02,SHIELD,240
2020-02,SIMPLE MELEE WEAPON,885
2020-02,SIMPLE RANGED WEAPON,205
2020-02,SPELL FOCUS,608
2020-02,STAFF,360
2020-02,STRING INSTRUMENT,175
2020-02,SUMMONING DEVICE,359
2020-02,SURVIVAL & WILDERNESS,362
2020-02,TOOL KITS,409
2020-02,TOOLS,769
2020-02,VEHICLE,21
2020-02,WAND,256
2020-02,WEAPON OTHER,84
2020-02,WIND INSTRUMENT,110
2020-03,AMMUNITION,256
2020-03,AMULET / NECKLACE,228
2020-03,ARMOUR OTHER,385
2020-03,BELT / GIRDLE,86
2020-03,BOOTS,85
2020-03,BRACERS,78
2020-03,BRASS INSTRUMENT,93
2020-03,CLOAK,262
2020-03,CLOTHING,266
2020-03,CONTAINER,209
2020-03,GAMING SET,112
2020-03,GAUNTLETS / GLOVES,124
2020-03,GOGGLES,120
2020-03,HEAVY ARMOUR,323
2020-03,HELMET,388
2020-03,IOUN STONE,290
2020-03,LIGHT ARMOUR,312
2020-03,LIVESTOCK,96
2020-03,MAGIC UTILITY,1432
2020-03,MARTIAL MELEE WEAPON,1266
2020-03,MARTIAL RANGED WEAPON,249
2020-03,MEDIUM ARMOUR,277
2020-03,MOUNT,550
2020-03,PERCUSSION INSTRUMENT,33
2020-03,POTIONS & ALCHEMY,692
2020-03,RING,356
2020-03,ROD,221
2020-03,SCROLL,742
2020-03,SHIELD,281
2020-03,SIMPLE MELEE WEAPON,922
2020-03,SIMPLE RANGED WEAPON,252
2020-03,SPELL FOCUS,702
2020-03,STAFF,340
2020-03,STRING INSTRUMENT,198
2020-03,SUMMONING DEVICE,397
2020-03,SURVIVAL & WILDERNESS,343
2020-03,TOOL KITS,444
2020-03,TOOLS,823
2020-03,VEHICLE,25
2020-03,WAND,250
2020-03,WEAPON OTHER,95
2020-03,WIND INSTRUMENT,122
2020-04,AMMUNITION,348
2020-04,AMULET / NECKLACE,219
2020-04,ARMOUR OTHER,371
2020-04,BELT / GIRDLE,89
2020-04,BOOTS,94
2020-04,BRACERS,82
2020-04,BRASS INSTRUMENT,72
2020-04,CLOAK,253
2020-04,CLOTHING,264
2020-04,CONTAINER,190
2020-04,GAMING SET,88
2020-04,GAUNTLETS / GLOVES,121
2020-04,GOGGLES,114
2020-04,HEAVY ARMOUR,308
2020-04,HELMET,361
2020-04,IOUN STONE,252
2020-04,LIGHT ARMOUR,291
2020-04,LIVESTOCK,75
2020-04,MAGIC UTILITY,1365
2020-04,MARTIAL MELEE WEAPON,1394
2020-04,MARTIAL RANGED WEAPON,223
2020-04,MEDIUM ARMOUR,266
2020-04,MOUNT,571
2020-04,PERCUSSION INSTRUMENT,33
2020-04,POTIONS & ALCHEMY,664
2020-04,RING,400
2020-04,ROD,197
2020-04,SCROLL,712
2020-04,SHIELD,267
2020-04,SIMPLE MELEE WEAPON,897
2020-04,SIMPLE RANGED WEAPON,295
2020-04,SPELL FOCUS,670
2020-04,STAFF,347
2020-04,STRING INSTRUMENT,212
2020-04,SUMMONING DEVICE,409
2020-04,SURVIVAL & WILDERNESS,339
2020-04,TOOL KITS,497
2020-04,TOOLS,830
2020-04,VEHICLE,27
2020-04,WAND,268
2020-04,WEAPON OTHER,138
2020-04,WIND INSTRUMENT,97
2020-05,AMMUNITION,346
2020-05,AMULET / NECKLACE,203
2020-05,ARMOUR OTHER,415
2020-05,BELT / GIRDLE,84
2020-05,BOOTS,96
2020-05,BRACERS,75
2020-05,BRASS INSTRUMENT,89
2020-05,CLOAK,269
2020-05,CLOTHING,260
2020-05,CONTAINER,210
2020-05,GAMING SET,116
2020-05,GAUNTLETS / GLOVES,116
2020-05,GOGGLES,119
2020-05,HEAVY ARMOUR,352
2020-05,HELMET,375
2020-05,IOUN STONE,272
2020-05,LIGHT ARMOUR,258
2020-05,LIVESTOCK,105
2020-05,MAGIC UTILITY,1373
2020-05,MARTIAL MELEE WEAPON,1430
2020-05,MARTIAL RANGED WEAPON,192
2020-05,MEDIUM ARMOUR,264
2020-05,MOUNT,561
2020-05,PERCUSSION INSTRUMENT,40
2020-05,POTIONS & ALCHEMY,638
2020-05,RING,359
2020-05,ROD,196
2020-05,SCROLL,805
2020-05,SHIELD,257
2020-05,SIMPLE MELEE WEAPON,955
2020-05,SIMPLE RANGED WEAPON,352
2020-05,SPELL FOCUS,632
2020-05,STAFF,349
2020-05,STRING INSTRUMENT,203
2020-05,SUMMONING DEVICE,394
2020-05,SURVIVAL & WILDERNESS,399
2020-05,TOOL KITS,452
2020-05,TOOLS,844
2020-05,VEHICLE,20
2020-05,WAND,257
2020-05,WEAPON OTHER,142
2020-05,WIND INSTRUMENT,99
2020-06,AMMUNITION,342
2020-06,AMULET / NECKLACE,199
2020-06,ARMOUR OTHER,361
2020-06,BELT / GIRDLE,111
2020-06,BOOTS,87
2020-06,BRACERS,102
2020-06,BRASS INSTRUMENT,91
2020-06,CLOAK,252
2020-06,CLOTHING,238
2020-06,CONTAINER,190
2020-06,GAMING SET,113
2020-06,GAUNTLETS / GLOVES,96
2020-06,GOGGLES,107
2020-06,HEAVY ARMOUR,335
2020-06,HELMET,380
2020-06,IOUN STONE,253
2020-06,LIGHT ARMOUR,254
2020-06,LIVESTOCK,87
2020-06,MAGIC UTILITY,1345
2020-06,MARTIAL MELEE WEAPON,1416
2020-06,MARTIAL RANGED WEAPON,225
2020-06,MEDIUM ARMOUR,296
2020-06,MOUNT,537
2020-06,PERCUSSION INSTRUMENT,28
2020-06,POTIONS & ALCHEMY,664
2020-06,RING,366
2020-06,ROD,199
2020-06,SCROLL,730
2020-06,SHIELD,253
2020-06,SIMPLE MELEE WEAPON,951
2020-06,SIMPLE RANGED WEAPON,305
2020-06,SPELL FOCUS,652
2020-06,STAFF,373
2020-06,STRING INSTRUMENT,177
2020-06,SUMMONING DEVICE,395
2020-06,SURVIVAL & WILDERNESS,366
2020-06,TOOL KITS,448
2020-06,TOOLS,756
2020-06,VEHICLE,20
2020-06,WAND,235
2020-06,WEAPON OTHER,136
2020-06,WIND INSTRUMENT,106
2020-07,AMMUNITION,390
2020-07,AMULET / NECKLACE,217
2020-07,ARMOUR OTHER,432
2020-07,BELT / GIRDLE,89
2020-07,BOOTS,89
2020-07,BRACERS,82
2020-07,BRASS INSTRUMENT,88
2020-07,CLOAK,252
2020-07,CLOTHING,287
2020-07,CONTAINER,192
2020-07,GAMING SET,91
2020-07,GAUNTLETS / GLOVES,112
2020-07,GOGGLES,138
2020-07,HEAVY ARMOUR,309
2020-07,HELMET,387
2020-07,IOUN STONE,261
2020-07,LIGHT ARMOUR,255
2020-07,LIVESTOCK,73
2020-07,MAGIC UTILITY,1451
2020-07,MARTIAL MELEE WEAPON,1566
2020-07,MARTIAL RANGED WEAPON,224
2020-07,MEDIUM ARMOUR,262
2020-07,MOUNT,587
2020-07,PERCUSSION INSTRUMENT,32
2020-07,POTIONS & ALCHEMY,692
2020-07,RING,361
2020-07,ROD,216
2020-07,SCROLL,744
2020-07,SHIELD,292
2020-07,SIMPLE MELEE WEAPON,1041
2020-07,SIMPLE RANGED WEAPON,342
2020-07,SPELL FOCUS,623
2020-07,STAFF,401
2020-07,STRING INSTRUMENT,221
2020-07,SUMMONING DEVICE,364
2020-07,SURVIVAL & WILDERNESS,385
2020-07,TOOL KITS,437
2020-07,TOOLS,815
2020-07,VEHICLE,29
2020-07,WAND,269
2020-07,WEAPON OTHER,174
2020-07,WIND INSTRUMENT,109
2020-08,AMMUNITION,374
2020-08,AMULET / NECKLACE,198
2020-08,ARMOUR OTHER,390
2020-08,BELT / GIRDLE,91
2020-08,BOOTS,85
2020-08,BRACERS,128
2020-08,BRASS INSTRUMENT,78
2020-08,CLOAK,264
2020-08,CLOTHING,255
2020-08,CONTAINER,172
2020-08,GAMING SET,98
2020-08,GAUNTLETS / GLOVES,129
2020-08,GOGGLES,133
2020-08,HEAVY ARMOUR,326
2020-08,HELMET,360
2020-08,IOUN STONE,249
2020-08,LIGHT ARMOUR,252
2020-08,LIVESTOCK,99
2020-08,MAGIC UTILITY,1433
2020-08,MARTIAL MELEE WEAPON,1537
2020-08,MARTIAL RANGED WEAPON,240
2020-08,MEDIUM ARMOUR,272
2020-08,MOUNT,564
2020-08,PERCUSSION INSTRUMENT,37
2020-08,POTIONS & ALCHEMY,691
2020-08,RING,376
2020-08,ROD,193
2020-08,SCROLL,747
2020-08,SHIELD,279
2020-08,SIMPLE MELEE WEAPON,1022
2020-08,SIMPLE RANGED WEAPON,324
2020-08,SPELL FOCUS,648
2020-08,STAFF,373
2020-08,STRING INSTRUMENT,192
2020-08,SUMMONING DEVICE,381
2020-08,SURVIVAL & WILDERNESS,400
2020-08,TOOL KITS,457
2020-08,TOOLS,796
2020-08,VEHICLE,21
2020-08,WAND,304
2020-08,WEAPON OTHER,188
2020-08,WIND INSTRUMENT,118
2020-09,AMMUNITION,365
2020-09,AMULET / NECKLACE,193
2020-09,ARMOUR OTHER,436
2020-09,BELT / GIRDLE,107
2020-09,BOOTS,91
2020-09,BRACERS,87
2020-09,BRASS INSTRUMENT,90
2020-09,CLOAK,256
2020-09,CLOTHING,268
2020-09,CONTAINER,233
2020-09,GAMING SET,120
2020-09,GAUNTLETS / GLOVES,128
2020-09,GOGGLES,137
2020-09,HEAVY ARMOUR,304
2020-09,HELMET,385
2020-09,IOUN STONE,256
2020-09,LIGHT ARMOUR,263
2020-09,LIVESTOCK,99
2020-09,MAGIC UTILITY,1388
2020-09,MARTIAL MELEE WEAPON,1354
2020-09,MARTIAL RANGED WEAPON,245
2020-09,MEDIUM ARMOUR,270
2020-09,MOUNT,575
2020-09,PERCUSSION INSTRUMENT,34
2020-09,POTIONS & ALCHEMY,643
2020-09,RING,332
2020-09,ROD,213
2020-09,SCROLL,698
2020-09,SHIELD,221
2020-09,SIMPLE MELEE WEAPON,930
2020-09,SIMPLE RANGED WEAPON,323
2020-09,SPELL FOCUS,688
2020-09,STAFF,343
2020-09,STRING INSTRUMENT,208
2020-09,SUMMONING DEVICE,374
2020-09,SURVIVAL & WILDERNESS,340
2020-09,TOOL KITS,461
2020-09,TOOLS,788
2020-09,VEHICLE,30
2020-09,WAND,308
2020-09,WEAPON OTHER,126
2020-09,WIND INSTRUMENT,117
2020-10,AMMUNITION,374
2020-10,AMULET / NECKLACE,189
2020-10,ARMOUR OTHER,385
2020-10,BELT / GIRDLE,101
2020-10,BOOTS,91
2020-10,BRACERS,91
2020-10,BRASS INSTRUMENT,85
2020-10,CLOAK,263
2020-10,CLOTHING,261
2020-10,CONTAINER,175
2020-10,GAMING SET,114
2020-10,GAUNTLETS / GLOVES,139
2020-10,GOGGLES,135
2020-10,HEAVY ARMOUR,294
2020-10,HELMET,400
2020-10,IOUN STONE,281
2020-10,LIGHT ARMOUR,269
2020-10,LIVESTOCK,106
2020-10,MAGIC UTILITY,1426
2020-10,MARTIAL MELEE WEAPON,1533
2020-10,MARTIAL RANGED WEAPON,221
2020-10,MEDIUM ARMOUR,265
2020-10,MOUNT,583
2020-10,PERCUSSION INSTRUMENT,35
2020-10,POTIONS & ALCHEMY,643
2020-10,RING,394
2020-10,ROD,203
2020-10,SCROLL,747
2020-10,SHIELD,222
2020-10,SIMPLE MELEE WEAPON,963
2020-10,SIMPLE RANGED WEAPON,361
2020-10,SPELL FOCUS,663
2020-10,STAFF,369
2020-10,STRING INSTRUMENT,180
2020-10,SUMMONING DEVICE,370
2020-10,SURVIVAL & WILDERNESS,382
2020-10,TOOL KITS,476
2020-10,TOOLS,844
2020-10,VEHICLE,24
2020-10,WAND,283
2020-10,WEAPON OTHER,151
2020-10,WIND INSTRUMENT,141
2020-11,AMMUNITION,399
2020-11,AMULET / NECKLACE,207
2020-11,ARMOUR OTHER,387
2020-11,BELT / GIRDLE,110
2020-11,BOOTS,85
2020-11,BRACERS,109
2020-11,BRASS INSTRUMENT,96
2020-11,CLOAK,243
2020-11,CLOTHING,252
2020-11,CONTAINER,219
2020-11,GAMING SET,94
2020-11,GAUNTLETS / GLOVES,136
2020-11,GOGGLES,115
2020-11,HEAVY ARMOUR,312
2020-11,HELMET,403
2020-11,IOUN STONE,264
2020-11,LIGHT ARMOUR,267
2020-11,LIVESTOCK,92
2020-11,MAGIC UTILITY,1373
2020-11,MARTIAL MELEE WEAPON,1461
2020-11,MARTIAL RANGED WEAPON,270
2020-11,MEDIUM ARMOUR,255
2020-11,MOUNT,540
2020-11,PERCUSSION INSTRUMENT,41
2020-11,POTIONS & ALCHEMY,681
2020-11,RING,346
2020-11,ROD,191
2020-11,SCROLL,737
2020-11,SHIELD,289
2020-11,SIMPLE MELEE WEAPON,970
2020-11,SIMPLE RANGED WEAPON,327
2020-11,SPELL FOCUS,602
2020-11,STAFF,324
2020-11,STRING INSTRUMENT,197
2020-11,SUMMONING DEVICE,359
2020-11,SURVIVAL & WILDERNESS,381
2020-11,TOOL KITS,389
2020-11,TOOLS,795
2020-11,VEHICLE,17
2020-11,WAND,255
2020-11,WEAPON OTHER,146
2020-11,WIND INSTRUMENT,141
2020-12,AMMUNITION,424
2020-12,AMULET / NECKLACE,191
2020-12,ARMOUR OTHER,430
2020-12,BELT / GIRDLE,85
2020-12,BOOTS,82
2020-12,BRACERS,90
2020-12,BRASS INSTRUMENT,80
2020-12,CLOAK,256
2020-12,CLOTHING,251
2020-12,CONTAINER,217
2020-12,GAMING SET,100
2020-12,GAUNTLETS / GLOVES,126
2020-12,GOGGLES,113
2020-12,HEAVY ARMOUR,319
2020-12,HELMET,427
2020-12,IOUN STONE,283
2020-12,LIGHT ARMOUR,254
2020-12,LIVESTOCK,96
2020-12,MAGIC UTILITY,1408
2020-12,MARTIAL MELEE WEAPON,1415
2020-12,MARTIAL RANGED WEAPON,259
2020-12,MEDIUM ARMOUR,292
2020-12,MOUNT,511
2020-12,PERCUSSION INSTRUMENT,35
2020-12,POTIONS & ALCHEMY,627
2020-12,RING,380
2020-12,ROD,200
2020-12,SCROLL,729
2020-12,SHIELD,308
2020-12,SIMPLE MELEE WEAPON,1021
2020-12,SIMPLE RANGED WEAPON,340
2020-12,SPELL FOCUS,632
2020-12,STAFF,303
2020-12,STRING INSTRUMENT,163
2020-12,SUMMONING DEVICE,357
2020-12,SURVIVAL & WILDERNESS,344
2020-12,TOOL KITS,418
2020-12,TOOLS,774
2020-12,VEHICLE,18
2020-12,WAND,277
2020-12,WEAPON OTHER,141
2020-12,WIND INSTRUMENT,129
2021-01,AMMUNITION,399
2021-01,AMULET / NECKLACE,190
2021-01,ARMOUR OTHER,401
2021-01,BELT / GIRDLE,96
2021-01,BOOTS,72
2021-01,BRACERS,104
2021-01,BRASS INSTRUMENT,73
2021-01,CLOAK,250
2021-01,CLOTHING,267
2021-01,CONTAINER,184
2021-01,GAMING SET,106
2021-01,GAUNTLETS / GLOVES,140
2021-01,GOGGLES,110
2021-01,HEAVY ARMOUR,350
2021-01,HELMET,393
2021-01,IOUN STONE,270
2021-01,LIGHT ARMOUR,288
2021-01,LIVESTOCK,77
2021-01,MAGIC UTILITY,1400
2021-01,MARTIAL MELEE WEAPON,1442
2021-01,MARTIAL RANGED WEAPON,283
2021-01,MEDIUM ARMOUR,274
2021-01,MOUNT,537
2021-01,PERCUSSION INSTRUMENT,31
2021-01,POTIONS & ALCHEMY,629
2021-01,RING,360
2021-01,ROD,170
2021-01,SCROLL,749
2021-01,SHIELD,327
2021-01,SIMPLE MELEE WEAPON,1046
2021-01,SIMPLE RANGED WEAPON,340
2021-01,SPELL FOCUS,637
2021-01,STAFF,371
2021-01,STRING INSTRUMENT,184
2021-01,SUMMONING DEVICE,384
2021-01,SURVIVAL & WILDERNESS,318
2021-01,TOOL KITS,442
2021-01,TOOLS,773
2021-01,VEHICLE,18
2021-01,WAND,279
2021-01,WEAPON OTHER,152
2021-01,WIND INSTRUMENT,118
2021-02,AMMUNITION,376
2021-02,AMULET / NECKLACE,197
2021-02,ARMOUR OTHER,363
2021-02,BELT / GIRDLE,76
2021-02,BOOTS,87
2021-02,BRACERS,84
2021-02,BRASS INSTRUMENT,74
2021-02,CLOAK,198
2021-02,CLOTHING,225
2021-02,CONTAINER,184
2021-02,GAMING SET,92
2021-02,GAUNTLETS / GLOVES,123
2021-02,GOGGLES,106
2021-02,HEAVY ARMOUR,285
2021-02,HELMET,357
2021-02,IOUN STONE,245
2021-02,LIGHT ARMOUR,300
2021-02,LIVESTOCK,75
2021-02,MAGIC UTILITY,1297
2021-02,MARTIAL MELEE WEAPON,1306
2021-02,MARTIAL RANGED WEAPON,208
2021-02,MEDIUM ARMOUR,240
2021-02,MOUNT,503
2021-02,PERCUSSION INSTRUMENT,24
2021-02,POTIONS & ALCHEMY,608
2021-02,RING,343
2021-02,ROD,173
2021-02,SCROLL,660
2021-02,SHIELD,299
2021-02,SIMPLE MELEE WEAPON,871
2021-02,SIMPLE RANGED WEAPON,329
2021-02,SPELL FOCUS,537
2021-02,STAFF,336
2021-02,STRING INSTRUMENT,163
2021-02,SUMMONING DEVICE,341
2021-02,SURVIVAL & WILDERNESS,330
2021-02,TOOL KITS,378
2021-02,TOOLS,747
2021-02,VEHICLE,24
2021-02,WAND,222
2021-02,WEAPON OTHER,106
2021-02,WIND INSTRUMENT,112
2021-03,AMMUNITION,345
2021-03,AMULET / NECKLACE,216
2021-03,ARMOUR OTHER,406
2021-03,BELT / GIRDLE,95
2021-03,BOOTS,92
2021-03,BRACERS,83
2021-03,BRASS INSTRUMENT,81
2021-03,CLOAK,281
2021-03,CLOTHING,254
2021-03,CONTAINER,230
2021-03,GAMING SET,116
2021-03,GAUNTLETS / GLOVES,142
2021-03,GOGGLES,124
2021-03,HEAVY ARMOUR,346
2021-03,HELMET,390
2021-03,IOUN STONE,274
2021-03,LIGHT ARMOUR,316
2021-03,LIVESTOCK,103
2021-03,MAGIC UTILITY,1384
2021-03,MARTIAL MELEE WEAPON,1452
2021-03,MARTIAL RANGED WEAPON,249
2021-03,MEDIUM ARMOUR,302
2021-03,MOUNT,527
2021-03,PERCUSSION INSTRUMENT,52
2021-03,POTIONS & ALCHEMY,678
2021-03,RING,334
2021-03,ROD,219
2021-03,SCROLL,757
2021-03,SHIELD,314
2021-03,SIMPLE MELEE WEAPON,928
2021-03,SIMPLE RANGED WEAPON,337
2021-03,SPELL FOCUS,613
2021-03,STAFF,361
2021-03,STRING INSTRUMENT,212
2021-03,SUMMONING DEVICE,386
2021-03,SURVIVAL & WILDERNESS,373
2021-03,TOOL KITS,447
2021-03,TOOLS,772
2021-03,VEHICLE,34
2021-03,WAND,274
2021-03,WEAPON OTHER,133
2021-03,WIND INSTRUMENT,117
2021-04,AMMUNITION,307
2021-04,AMULET / NECKLACE,188
2021-04,ARMOUR OTHER,365
2021-04,BELT / GIRDLE,108
2021-04,BOOTS,89
2021-04,BRACERS,83
2021-04,BRASS INSTRUMENT,76
2021-04,CLOAK,251
2021-04,CLOTHING,257
2021-04,CONTAINER,224
2021-04,GAMING SET,94
2021-04,GAUNTLETS / GLOVES,103
2021-04,GOGGLES,122
2021-04,HEAVY ARMOUR,310
2021-04,HELMET,358
2021-04,IOUN STONE,256
2021-04,LIGHT ARMOUR,252
2021-04,LIVESTOCK,84
2021-04,MAGIC UTILITY,1363
2021-04,MARTIAL MELEE WEAPON,1301
2021-04,MARTIAL RANGED WEAPON,180
2021-04,MEDIUM ARMOUR,270
2021-04,MOUNT,549
2021-04,PERCUSSION INSTRUMENT,37
2021-04,POTIONS & ALCHEMY,675
2021-04,RING,374
2021-04,ROD,206
2021-04,SCROLL,755
2021-04,SHIELD,211
2021-04,SIMPLE MELEE WEAPON,875
2021-04,SIMPLE RANGED WEAPON,312
2021-04,SPELL FOCUS,687
2021-04,STAFF,287
2021-04,STRING INSTRUMENT,202
2021-04,SUMMONING DEVICE,360
2021-04,SURVIVAL & WILDERNESS,340
2021-04,TOOL KITS,452
2021-04,TOOLS,780
2021-04,VEHICLE,15
2021-04,WAND,271
2021-04,WEAPON OTHER,107
2021-04,WIND INSTRUMENT,134
2021-05,AMMUNITION,328
2021-05,AMULET / NECKLACE,180
2021-05,ARMOUR OTHER,373
2021-05,BELT / GIRDLE,87
2021-05,BOOTS,87
2021-05,BRACERS,90
2021-05,BRASS INSTRUMENT,84
2021-05,CLOAK,243
2021-05,CLOTHING,254
2021-05,CONTAINER,211
2021-05,GAMING SET,117
2021-05,GAUNTLETS / GLOVES,120
2021-05,GOGGLES,117
2021-05,HEAVY ARMOUR,298
2021-05,HELMET,406
2021-05,IOUN STONE,245
2021-05,LIGHT ARMOUR,308
2021-05,LIVESTOCK,89
2021-05,MAGIC UTILITY,1415
2021-05,MARTIAL MELEE WEAPON,1420
2021-05,MARTIAL RANGED WEAPON,179
2021-05,MEDIUM ARMOUR,290
2021-05,MOUNT,519
2021-05,PERCUSSION INSTRUMENT,33
2021-05,POTIONS & ALCHEMY,607
2021-05,RING,362
2021-05,ROD,184
2021-05,SCROLL,742
2021-05,SHIELD,263
2021-05,SIMPLE MELEE WEAPON,936
2021-05,SIMPLE RANGED WEAPON,317
2021-05,SPELL FOCUS,626
2021-05,STAFF,293
2021-05,STRING INSTRUMENT,198
2021-05,SUMMONING DEVICE,367
2021-05,SURVIVAL & WILDERNESS,359
2021-05,TOOL KITS,440
2021-05,TOOLS,856
2021-05,VEHICLE,26
2021-05,WAND,245
2021-05,WEAPON OTHER,123
2021-05,WIND INSTRUMENT,122
2021-06,AMMUNITION,308
2021-06,AMULET / NECKLACE,193
2021-06,ARMOUR OTHER,298
2021-06,BELT / GIRDLE,121
2021-06,BOOTS,79
2021-06,BRACERS,66
2021-06,BRASS INSTRUMENT,93
2021-06,CLOAK,259
2021-06,CLOTHING,227
2021-06,CONTAINER,199
2021-06,GAMING SET,112
2021-06,GAUNTLETS / GLOVES,118
2021-06,GOGGLES,109
2021-06,HEAVY ARMOUR,304
2021-06,HELMET,351
2021-06,IOUN STONE,260
2021-06,LIGHT ARMOUR,287
2021-06,LIVESTOCK,110
2021-06,MAGIC UTILITY,1388
2021-06,MARTIAL MELEE WEAPON,1263
2021-06,MARTIAL RANGED WEAPON,190
2021-06,MEDIUM ARMOUR,196
2021-06,MOUNT,499
2021-06,PERCUSSION INSTRUMENT,33
2021-06,POTIONS & ALCHEMY,681
2021-06,RING,364
2021-06,ROD,232
2021-06,SCROLL,707
2021-06,SHIELD,265
2021-06,SIMPLE MELEE WEAPON,833
2021-06,SIMPLE RANGED WEAPON,322
2021-06,SPELL FOCUS,620
2021-06,STAFF,309
2021-06,STRING INSTRUMENT,186
2021-06,SUMMONING DEVICE,376
2021-06,SURVIVAL & WILDERNESS,328
2021-06,TOOL KITS,412
2021-06,TOOLS,814
2021-06,VEHICLE,24
2021-06,WAND,300
2021-06,WEAPON OTHER,113
2021-06,WIND INSTRUMENT,110
2021-07,AMMUNITION,287
2021-07,AMULET / NECKLACE,178
2021-07,ARMOUR OTHER,380
2021-07,BELT / GIRDLE,102
2021-07,BOOTS,81
2021-07,BRACERS,84
2021-07,BRASS INSTRUMENT,82
2021-07,CLOAK,253
2021-07,CLOTHING,258
2021-07,CONTAINER,194
2021-07,GAMING SET,115
2021-07,GAUNTLETS / GLOVES,111
2021-07,GOGGLES,120
2021-07,HEAVY ARMOUR,331
2021-07,HELMET,404
2021-07,IOUN STONE,254
2021-07,LIGHT ARMOUR,266
2021-07,LIVESTOCK,76
2021-07,MAGIC UTILITY,1389
2021-07,MARTIAL MELEE WEAPON,1320
2021-07,MARTIAL RANGED WEAPON,184
2021-07,MEDIUM ARMOUR,241
2021-07,MOUNT,523
2021-07,PERCUSSION INSTRUMENT,33
2021-07,POTIONS & ALCHEMY,655
2021-07,RING,385
2021-07,ROD,275
2021-07,SCROLL,739
2021-07,SHIELD,260
2021-07,SIMPLE MELEE WEAPON,799
2021-07,SIMPLE RANGED WEAPON,338
2021-07,SPELL FOCUS,633
2021-07,STAFF,351
2021-07,STRING INSTRUMENT,196
2021-07,SUMMONING DEVICE,374
2021-07,SURVIVAL & WILDERNESS,336
2021-07,TOOL KITS,451
2021-07,TOOLS,769
2021-07,VEHICLE,20
2021-07,WAND,288
2021-07,WEAPON OTHER,102
2021-07,WIND INSTRUMENT,125
2021-08,AMMUNITION,351
2021-08,AMULET / NECKLACE,230
2021-08,ARMOUR OTHER,361
2021-08,BELT / GIRDLE,102
2021-08,BOOTS,85
2021-08,BRACERS,90
2021-08,BRASS INSTRUMENT,98
2021-08,CLOAK,252
2021-08,CLOTHING,287
2021-08,CONTAINER,221
2021-08,GAMING SET,120
2021-08,GAUNTLETS / GLOVES,110
2021-08,GOGGLES,122
2021-08,HEAVY ARMOUR,315
2021-08,HELMET,389
2021-08,IOUN STONE,250
2021-08,LIGHT ARMOUR,325
2021-08,LIVESTOCK,97
2021-08,MAGIC UTILITY,1470
2021-08,MARTIAL MELEE WEAPON,1367
2021-08,MARTIAL RANGED WEAPON,215
2021-08,MEDIUM ARMOUR,247
2021-08,MOUNT,573
2021-08,PERCUSSION INSTRUMENT,48
2021-08,POTIONS & ALCHEMY,698
2021-08,RING,375
2021-08,ROD,236
2021-08,SCROLL,737
2021-08,SHIELD,268
2021-08,SIMPLE MELEE WEAPON,939
2021-08,SIMPLE RANGED WEAPON,332
2021-08,SPELL FOCUS,632
2021-08,STAFF,401
2021-08,STRING INSTRUMENT,197
2021-08,SUMMONING DEVICE,337
2021-08,SURVIVAL & WILDERNESS,359
2021-08,TOOL KITS,457
2021-08,TOOLS,878
2021-08,VEHICLE,23
2021-08,WAND,278
2021-08,WEAPON OTHER,96
2021-08,WIND INSTRUMENT,111
2021-09,AMMUNITION,294
2021-09,AMULET / NECKLACE,222
2021-09,ARMOUR OTHER,369
2021-09,BELT / GIRDLE,92
2021-09,BOOTS,62
2021-09,BRACERS,55
2021-09,BRASS INSTRUMENT,77
2021-09,CLOAK,247
2021-09,CLOTHING,264
2021-09,CONTAINER,202
2021-09,GAMING SET,118
2021-09,GAUNTLETS / GLOVES,106
2021-09,GOGGLES,134
2021-09,HEAVY ARMOUR,325
2021-09,HELMET,383
2021-09,IOUN STONE,270
2021-09,LIGHT ARMOUR,280
2021-09,LIVESTOCK,88
2021-09,MAGIC UTILITY,1441
2021-09,MARTIAL MELEE WEAPON,1323
2021-09,MARTIAL RANGED WEAPON,217
2021-09,MEDIUM ARMOUR,246
2021-09,MOUNT,543
2021-09,PERCUSSION INSTRUMENT,42
2021-09,POTIONS & ALCHEMY,676
2021-09,RING,349
2021-09,ROD,229
2021-09,SCROLL,733
2021-09,SHIELD,289
2021-09,SIMPLE MELEE WEAPON,882
2021-09,SIMPLE RANGED WEAPON,350
2021-09,SPELL FOCUS,677
2021-09,STAFF,343
2021-09,STRING INSTRUMENT,182
2021-09,SUMMONING DEVICE,367
2021-09,SURVIVAL & WILDERNESS,348
2021-09,TOOL KITS,456
2021-09,TOOLS,831
2021-09,VEHICLE,26
2021-09,WAND,232
2021-09,WEAPON OTHER,103
2021-09,WIND INSTRUMENT,113
2021-10,AMMUNITION,343
2021-10,AMULET / NECKLACE,190
2021-10,ARMOUR OTHER,359
2021-10,BELT / GIRDLE,87
2021-10,BOOTS,96
2021-10,BRACERS,57
2021-10,BRASS INSTRUMENT,76
2021-10,CLOAK,275
2021-10,CLOTHING,268
2021-10,CONTAINER,250
2021-10,GAMING SET,113
2021-10,GAUNTLETS / GLOVES,126
2021-10,GOGGLES,111
2021-10,HEAVY ARMOUR,344
2021-10,HELMET,470
2021-10,IOUN STONE,269
2021-10,LIGHT ARMOUR,367
2021-10,LIVESTOCK,79
2021-10,MAGIC UTILITY,1482
2021-10,MARTIAL MELEE WEAPON,1487
2021-10,MARTIAL RANGED WEAPON,285
2021-10,MEDIUM ARMOUR,251
2021-10,MOUNT,602
2021-10,PERCUSSION INSTRUMENT,42
2021-10,POTIONS & ALCHEMY,689
2021-10,RING,383
2021-10,ROD,244
2021-10,SCROLL,734
2021-10,SHIELD,289
2021-10,SIMPLE MELEE WEAPON,950
2021-10,SIMPLE RANGED WEAPON,342
2021-10,SPELL FOCUS,753
2021-10,STAFF,455
2021-10,STRING INSTRUMENT,190
2021-10,SUMMONING DEVICE,384
2021-10,SURVIVAL & WILDERNESS,378
2021-10,TOOL KITS,468
2021-10,TOOLS,869
2021-10,VEHICLE,32
2021-10,WAND,280
2021-10,WEAPON OTHER,101
2021-10,WIND INSTRUMENT,152
2021-11,AMMUNITION,308
2021-11,AMULET / NECKLACE,208
2021-11,ARMOUR OTHER,395
2021-11,BELT / GIRDLE,90
2021-11,BOOTS,95
2021-11,BRACERS,56
2021-11,BRASS INSTRUMENT,75
2021-11,CLOAK,270
2021-11,CLOTHING,263
2021-11,CONTAINER,223
2021-11,GAMING SET,108
2021-11,GAUNTLETS / GLOVES,98
2021-11,GOGGLES,131
2021-11,HEAVY ARMOUR,318
2021-11,HELMET,420
2021-11,IOUN STONE,277
2021-11,LIGHT ARMOUR,331
2021-11,LIVESTOCK,97
2021-11,MAGIC UTILITY,1343
2021-11,MARTIAL MELEE WEAPON,1289
2021-11,MARTIAL RANGED WEAPON,268
2021-11,MEDIUM ARMOUR,244
2021-11,MOUNT,593
2021-11,PERCUSSION INSTRUMENT,31
2021-11,POTIONS & ALCHEMY,655
2021-11,RING,367
2021-11,ROD,173
2021-11,SCROLL,733
2021-11,SHIELD,261
2021-11,SIMPLE MELEE WEAPON,910
2021-11,SIMPLE RANGED WEAPON,305
2021-11,SPELL FOCUS,629
2021-11,STAFF,425
2021-11,STRING INSTRUMENT,187
2021-11,SUMMONING DEVICE,395
2021-11,SURVIVAL & WILDERNESS,339
2021-11,TOOL KITS,436
2021-11,TOOLS,788
2021-11,VEHICLE,22
2021-11,WAND,276
2021-11,WEAPON OTHER,98
2021-11,WIND INSTRUMENT,127
2021-12,AMMUNITION,322
2021-12,AMULET / NECKLACE,194
2021-12,ARMOUR OTHER,374
2021-12,BELT / GIRDLE,103
2021-12,BOOTS,76
2021-12,BRACERS,51
2021-12,BRASS INSTRUMENT,81
2021-12,CLOAK,266
2021-12,CLOTHING,241
2021-12,CONTAINER,224
2021-12,GAMING SET,123
2021-12,GAUNTLETS / GLOVES,103
2021-12,GOGGLES,113
2021-12,HEAVY ARMOUR,333
2021-12,HELMET,450
2021-12,IOUN STONE,302
2021-12,LIGHT ARMOUR,341
2021-12,LIVESTOCK,87
2021-12,MAGIC UTILITY,1525
2021-12,MARTIAL MELEE WEAPON,1459
2021-12,MARTIAL RANGED WEAPON,301
2021-12,MEDIUM ARMOUR,266
2021-12,MOUNT,578
2021-12,PERCUSSION INSTRUMENT,33
2021-12,POTIONS & ALCHEMY,715
2021-12,RING,361
2021-12,ROD,184
2021-12,SCROLL,744
2021-12,SHIELD,293
2021-12,SIMPLE MELEE WEAPON,930
2021-12,SIMPLE RANGED WEAPON,357
2021-12,SPELL FOCUS,659
2021-12,STAFF,486
2021-12,STRING INSTRUMENT,189
2021-12,SUMMONING DEVICE,399
2021-12,SURVIVAL & WILDERNESS,367
2021-12,TOOL KITS,457
2021-12,TOOLS,886
2021-12,VEHICLE,28
2021-12,WAND,279
2021-12,WEAPON OTHER,88
2021-12,WIND INSTRUMENT,132
2022-01,AMMUNITION,354
2022-01,AMULET / NECKLACE,199
2022-01,ARMOUR OTHER,381
2022-01,BELT / GIRDLE,98
2022-01,BOOTS,86
2022-01,BRACERS,64
2022-01,BRASS INSTRUMENT,99
2022-01,CLOAK,293
2022-01,CLOTHING,278
2022-01,CONTAINER,238
2022-01,GAMING SET,127
2022-01,GAUNTLETS / GLOVES,107
2022-01,GOGGLES,111
2022-01,HEAVY ARMOUR,396
2022-01,HELMET,475
2022-01,IOUN STONE,283
2022-01,LIGHT ARMOUR,348
2022-01,LIVESTOCK,90
2022-01,MAGIC UTILITY,1495
2022-01,MARTIAL MELEE WEAPON,1409
2022-01,MARTIAL RANGED WEAPON,369
2022-01,MEDIUM ARMOUR,245
2022-01,MOUNT,597
2022-01,PERCUSSION INSTRUMENT,42
2022-01,POTIONS & ALCHEMY,708
2022-01,RING,355
2022-01,ROD,188
2022-01,SCROLL,761
2022-01,SHIELD,348
2022-01,SIMPLE MELEE WEAPON,1025
2022-01,SIMPLE RANGED WEAPON,325
2022-01,SPELL FOCUS,661
2022-01,STAFF,475
2022-01,STRING INSTRUMENT,200
2022-01,SUMMONING DEVICE,376
2022-01,SURVIVAL & WILDERNESS,403
2022-01,TOOL KITS,462
2022-01,TOOLS,824
2022-01,VEHICLE,17
2022-01,WAND,298
2022-01,WEAPON OTHER,93
2022-01,WIND INSTRUMENT,124
2022-02,AMMUNITION,352
2022-02,AMULET / NECKLACE,188
2022-02,ARMOUR OTHER,346
2022-02,BELT / GIRDLE,105
2022-02,BOOTS,84
2022-02,BRACERS,59
2022-02,BRASS INSTRUMENT,72
2022-02,CLOAK,243
2022-02,CLOTHING,277
2022-02,CONTAINER,167
2022-02,GAMING SET,86
2022-02,GAUNTLETS / GLOVES,96
2022-02,GOGGLES,125
2022-02,HEAVY ARMOUR,329
2022-02,HELMET,348
2022-02,IOUN STONE,258
2022-02,LIGHT ARMOUR,292
2022-02,LIVESTOCK,81
2022-02,MAGIC UTILITY,1357
2022-02,MARTIAL MELEE WEAPON,1373
2022-02,MARTIAL RANGED WEAPON,294
2022-02,MEDIUM ARMOUR,191
2022-02,MOUNT,525
2022-02,PERCUSSION INSTRUMENT,27
2022-02,POTIONS & ALCHEMY,619
2022-02,RING,370
2022-02,ROD,168
2022-02,SCROLL,693
2022-02,SHIELD,290
2022-02,SIMPLE MELEE WEAPON,866
2022-02,SIMPLE RANGED WEAPON,383
2022-02,SPELL FOCUS,608
2022-02,STAFF,436
2022-02,STRING INSTRUMENT,175
2022-02,SUMMONING DEVICE,378
2022-02,SURVIVAL & WILDERNESS,359
2022-02,TOOL KITS,430
2022-02,TOOLS,803
2022-02,VEHICLE,23
2022-02,WAND,325
2022-02,WEAPON OTHER,95
2022-02,WIND INSTRUMENT,124
2022-03,AMMUNITION,318
2022-03,AMULET / NECKLACE,211
2022-03,ARMOUR OTHER,413
2022-03,BELT / GIRDLE,97
2022-03,BOOTS,78
2022-03,BRACERS,62
2022-03,BRASS INSTRUMENT,85
2022-03,CLOAK,265
2022-03,CLOTHING,263
2022-03,CONTAINER,225
2022-03,GAMING SET,121
2022-03,GAUNTLETS / GLOVES,99
2022-03,GOGGLES,124
2022-03,HEAVY ARMOUR,357
2022-03,HELMET,354
2022-03,IOUN STONE,257
2022-03,LIGHT ARMOUR,261
2022-03,LIVESTOCK,83
2022-03,MAGIC UTILITY,1415
2022-03,MARTIAL MELEE WEAPON,1507
2022-03,MARTIAL RANGED WEAPON,280
2022-03,MEDIUM ARMOUR,228
2022-03,MOUNT,539
2022-03,PERCUSSION INSTRUMENT,49
2022-03,POTIONS & ALCHEMY,674
2022-03,RING,391
2022-03,ROD,166
2022-03,SCROLL,729
2022-03,SHIELD,313
2022-03,SIMPLE MELEE WEAPON,872
2022-03,SIMPLE RANGED WEAPON,344
2022-03,SPELL FOCUS,605
2022-03,STAFF,465
2022-03,STRING INSTRUMENT,192
2022-03,SUMMONING DEVICE,374
2022-03,SURVIVAL & WILDERNESS,331
2022-03,TOOL KITS,428
2022-03,TOOLS,837
2022-03,VEHICLE,28
2022-03,WAND,391
2022-03,WEAPON OTHER,105
2022-03,WIND INSTRUMENT,102
2022-04,AMMUNITION,316
2022-04,AMULET / NECKLACE,194
2022-04,ARMOUR OTHER,390
2022-04,BELT / GIRDLE,78
2022-04,BOOTS,76
2022-04,BRACERS,65
2022-04,BRASS INSTRUMENT,66
2022-04,CLOAK,227
2022-04,CLOTHING,254
2022-04,CONTAINER,197
2022-04,GAMING SET,94
2022-04,GAUNTLETS / GLOVES,79
2022-04,GOGGLES,109
2022-04,HEAVY ARMOUR,353
2022-04,HELMET,384
2022-04,IOUN STONE,264
2022-04,LIGHT ARMOUR,267
2022-04,LIVESTOCK,82
2022-04,MAGIC UTILITY,1343
2022-04,MARTIAL MELEE WEAPON,1385
2022-04,MARTIAL RANGED WEAPON,295
2022-04,MEDIUM ARMOUR,192
2022-04,MOUNT,497
2022-04,PERCUSSION INSTRUMENT,41
2022-04,POTIONS & ALCHEMY,673
2022-04,RING,358
2022-04,ROD,174
2022-04,SCROLL,725
2022-04,SHIELD,298
2022-04,SIMPLE MELEE WEAPON,858
2022-04,SIMPLE RANGED WEAPON,328
2022-04,SPELL FOCUS,658
2022-04,STAFF,380
2022-04,STRING INSTRUMENT,206
2022-04,SUMMONING DEVICE,353
2022-04,SURVIVAL & WILDERNESS,368
2022-04,TOOL KITS,427
2022-04,TOOLS,774
2022-04,VEHICLE,15
2022-04,WAND,335
2022-04,WEAPON OTHER,93
2022-04,WIND INSTRUMENT,103
2022-05,AMMUNITION,319
2022-05,AMULET / NECKLACE,200
2022-05,ARMOUR OTHER,359
2022-05,BELT / GIRDLE,90
2022-05,BOOTS,83
2022-05,BRACERS,58
2022-05,BRASS INSTRUMENT,75
2022-05,CLOAK,262
2022-05,CLOTHING,274
2022-05,CONTAINER,219
2022-05,GAMING SET,103
2022-05,GAUNTLETS / GLOVES,111
2022-05,GOGGLES,127
2022-05,HEAVY ARMOUR,401
2022-05,HELMET,401
2022-05,IOUN STONE,256
2022-05,LIGHT ARMOUR,278
2022-05,LIVESTOCK,86
2022-05,MAGIC UTILITY,1432
2022-05,MARTIAL MELEE WEAPON,1472
2022-05,MARTIAL RANGED WEAPON,308
2022-05,MEDIUM ARMOUR,219
2022-05,MOUNT,563
2022-05,PERCUSSION INSTRUMENT,42
2022-05,POTIONS & ALCHEMY,640
2022-05,RING,322
2022-05,ROD,166
2022-05,SCROLL,713
2022-05,SHIELD,313
2022-05,SIMPLE MELEE WEAPON,911
2022-05,SIMPLE RANGED WEAPON,361
2022-05,SPELL FOCUS,631
2022-05,STAFF,439
2022-05,STRING INSTRUMENT,178
2022-05,SUMMONING DEVICE,393
2022-05,SURVIVAL & WILDERNESS,344
2022-05,TOOL KITS,431
2022-05,TOOLS,822
2022-05,VEHICLE,23
2022-05,WAND,339
2022-05,WEAPON OTHER,92
2022-05,WIND INSTRUMENT,103
2022-06,AMMUNITION,321
2022-06,AMULET / NECKLACE,218
2022-06,ARMOUR OTHER,393
2022-06,BELT / GIRDLE,88
2022-06,BOOTS,81
2022-06,BRACERS,69
2022-06,BRASS INSTRUMENT,75
2022-06,CLOAK,249
2022-06,CLOTHING,220
2022-06,CONTAINER,201
2022-06,GAMING SET,119
2022-06,GAUNTLETS / GLOVES,105
2022-06,GOGGLES,129
2022-06,HEAVY ARMOUR,410
2022-06,HELMET,379
2022-06,IOUN STONE,257
2022-06,LIGHT ARMOUR,280
2022-06,LIVESTOCK,94
2022-06,MAGIC UTILITY,1396
2022-06,MARTIAL MELEE WEAPON,1410
2022-06,MARTIAL RANGED WEAPON,323
2022-06,MEDIUM ARMOUR,232
2022-06,MOUNT,500
2022-06,PERCUSSION INSTRUMENT,29
2022-06,POTIONS & ALCHEMY,656
2022-06,RING,357
2022-06,ROD,193
2022-06,SCROLL,738
2022-06,SHIELD,325
2022-06,SIMPLE MELEE WEAPON,934
2022-06,SIMPLE RANGED WEAPON,319
2022-06,SPELL FOCUS,597
2022-06,STAFF,450
2022-06,STRING INSTRUMENT,181
2022-06,SUMMONING DEVICE,352
2022-06,SURVIVAL & WILDERNESS,358
2022-06,TOOL KITS,455
2022-06,TOOLS,771
2022-06,VEHICLE,22
2022-06,WAND,347
2022-06,WEAPON OTHER,88
2022-06,WIND INSTRUMENT,135
2022-07,AMMUNITION,333
2022-07,AMULET / NECKLACE,194
2022-07,ARMOUR OTHER,363
2022-07,BELT / GIRDLE,92
2022-07,BOOTS,92
2022-07,BRACERS,67
2022-07,BRASS INSTRUMENT,95
2022-07,CLOAK,228
2022-07,CLOTHING,243
2022-07,CONTAINER,211
2022-07,GAMING SET,110
2022-07,GAUNTLETS / GLOVES,96
2022-07,GOGGLES,111
2022-07,HEAVY ARMOUR,369
2022-07,HELMET,401
2022-07,IOUN STONE,235
2022-07,LIGHT ARMOUR,281
2022-07,LIVESTOCK,97
2022-07,MAGIC UTILITY,1412
2022-07,MARTIAL MELEE WEAPON,1509
2022-07,MARTIAL RANGED WEAPON,309
2022-07,MEDIUM ARMOUR,245
2022-07,MOUNT,588
2022-07,PERCUSSION INSTRUMENT,31
2022-07,POTIONS & ALCHEMY,661
2022-07,RING,398
2022-07,ROD,202
2022-07,SCROLL,743
2022-07,SHIELD,334
2022-07,SIMPLE MELEE WEAPON,971
2022-07,SIMPLE RANGED WEAPON,372
2022-07,SPELL FOCUS,650
2022-07,STAFF,450
2022-07,STRING INSTRUMENT,163
2022-07,SUMMONING DEVICE,362
2022-07,SURVIVAL & WILDERNESS,354
2022-07,TOOL KITS,468
2022-07,TOOLS,798
2022-07,VEHICLE,28
2022-07,WAND,341
2022-07,WEAPON OTHER,93
2022-07,WIND INSTRUMENT,127
2022-08,AMMUNITION,336
2022-08,AMULET / NECKLACE,198
2022-08,ARMOUR OTHER,386
2022-08,BELT / GIRDLE,98
2022-08,BOOTS,90
2022-08,BRACERS,59
2022-08,BRASS INSTRUMENT,76
2022-08,CLOAK,256
2022-08,CLOTHING,238
2022-08,CONTAINER,215
2022-08,GAMING SET,99
2022-08,GAUNTLETS / GLOVES,103
2022-08,GOGGLES,114
2022-08,HEAVY ARMOUR,422
2022-08,HELMET,370
2022-08,IOUN STONE,286
2022-08,LIGHT ARMOUR,300
2022-08,LIVESTOCK,108
2022-08,MAGIC UTILITY,1377
2022-08,MARTIAL MELEE WEAPON,1437
2022-08,MARTIAL RANGED WEAPON,316
2022-08,MEDIUM ARMOUR,203
2022-08,MOUNT,550
2022-08,PERCUSSION INSTRUMENT,31
2022-08,POTIONS & ALCHEMY,636
2022-08,RING,389
2022-08,ROD,186
2022-08,SCROLL,741
2022-08,SHIELD,262
2022-08,SIMPLE MELEE WEAPON,873
2022-08,SIMPLE RANGED WEAPON,355
2022-08,SPELL FOCUS,669
2022-08,STAFF,423
2022-08,STRING INSTRUMENT,196
2022-08,SUMMONING DEVICE,375
2022-08,SURVIVAL & WILDERNESS,343
2022-08,TOOL KITS,436
2022-08,TOOLS,810
2022-08,VEHICLE,27
2022-08,WAND,379
2022-08,WEAPON OTHER,90
2022-08,WIND INSTRUMENT,111
2022-09,AMMUNITION,332
2022-09,AMULET / NECKLACE,213
2022-09,ARMOUR OTHER,365
2022-09,BELT / GIRDLE,96
2022-09,BOOTS,83
2022-09,BRACERS,67
2022-09,BRASS INSTRUMENT,75
2022-09,CLOAK,252
2022-09,CLOTHING,252
2022-09,CONTAINER,219
2022-09,GAMING SET,113
2022-09,GAUNTLETS / GLOVES,85
2022-09,GOGGLES,88
2022-09,HEAVY ARMOUR,387
2022-09,HELMET,379
2022-09,IOUN STONE,275
2022-09,LIGHT ARMOUR,289
2022-09,LIVESTOCK,82
2022-09,MAGIC UTILITY,1346
2022-09,MARTIAL MELEE WEAPON,1463
2022-09,MARTIAL RANGED WEAPON,263
2022-09,MEDIUM ARMOUR,188
2022-09,MOUNT,539
2022-09,PERCUSSION INSTRUMENT,27
2022-09,POTIONS & ALCHEMY,631
2022-09,RING,389
2022-09,ROD,152
2022-09,SCROLL,718
2022-09,SHIELD,308
2022-09,SIMPLE MELEE WEAPON,869
2022-09,SIMPLE RANGED WEAPON,340
2022-09,SPELL FOCUS,624
2022-09,STAFF,425
2022-09,STRING INSTRUMENT,181
2022-09,SUMMONING DEVICE,379
2022-09,SURVIVAL & WILDERNESS,325
2022-09,TOOL KITS,389
2022-09,TOOLS,775
2022-09,VEHICLE,21
2022-09,WAND,361
2022-09,WEAPON OTHER,106
2022-09,WIND INSTRUMENT,118
2022-10,AMMUNITION,334
2022-10,AMULET / NECKLACE,212
2022-10,ARMOUR OTHER,400
2022-10,BELT / GIRDLE,88
2022-10,BOOTS,72
2022-10,BRACERS,49
2022-10,BRASS INSTRUMENT,80
2022-10,CLOAK,213
2022-10,CLOTHING,284
2022-10,CONTAINER,200
2022-10,GAMING SET,108
2022-10,GAUNTLETS / GLOVES,90
2022-10,GOGGLES,127
2022-10,HEAVY ARMOUR,401
2022-10,HELMET,394
2022-10,IOUN STONE,266
2022-10,LIGHT ARMOUR,271
2022-10,LIVESTOCK,90
2022-10,MAGIC UTILITY,1389
2022-10,MARTIAL MELEE WEAPON,1451
2022-10,MARTIAL RANGED WEAPON,251
2022-10,MEDIUM ARMOUR,208
2022-10,MOUNT,577
2022-10,PERCUSSION INSTRUMENT,33
2022-10,POTIONS & ALCHEMY,679
2022-10,RING,382
2022-10,ROD,159
2022-10,SCROLL,705
2022-10,SHIELD,326
2022-10,SIMPLE MELEE WEAPON,916
2022-10,SIMPLE RANGED WEAPON,318
2022-10,SPELL FOCUS,652
2022-10,STAFF,458
2022-10,STRING INSTRUMENT,176
2022-10,SUMMONING DEVICE,353
2022-10,SURVIVAL & WILDERNESS,385
2022-10,TOOL KITS,466
2022-10,TOOLS,842
2022-10,VEHICLE,22
2022-10,WAND,363
2022-10,WEAPON OTHER,78
2022-10,WIND INSTRUMENT,113
2022-11,AMMUNITION,289
2022-11,AMULET / NECKLACE,174
2022-11,ARMOUR OTHER,402
2022-11,BELT / GIRDLE,88
2022-11,BOOTS,77
2022-11,BRACERS,55
2022-11,BRASS INSTRUMENT,80
2022-11,CLOAK,225
2022-11,CLOTHING,262
2022-11,CONTAINER,190
2022-11,GAMING SET,117
2022-11,GAUNTLETS / GLOVES,85
2022-11,GOGGLES,106
2022-11,HEAVY ARMOUR,386
2022-11,HELMET,389
2022-11,IOUN STONE,249
2022-11,LIGHT ARMOUR,271
2022-11,LIVESTOCK,89
2022-11,MAGIC UTILITY,1286
2022-11,MARTIAL MELEE WEAPON,1538
2022-11,MARTIAL RANGED WEAPON,288
2022-11,MEDIUM ARMOUR,189
2022-11,MOUNT,518
2022-11,PERCUSSION INSTRUMENT,35
2022-11,POTIONS & ALCHEMY,655
2022-11,RING,344
2022-11,ROD,183
2022-11,SCROLL,652
2022-11,SHIELD,229
2022-11,SIMPLE MELEE WEAPON,750
2022-11,SIMPLE RANGED WEAPON,326
2022-11,SPELL FOCUS,638
2022-11,STAFF,452
2022-11,STRING INSTRUMENT,161
2022-11,SUMMONING DEVICE,329
2022-11,SURVIVAL & WILDERNESS,343
2022-11,TOOL KITS,431
2022-11,TOOLS,766
2022-11,VEHICLE,27
2022-11,WAND,343
2022-11,WEAPON OTHER,91
2022-11,WIND INSTRUMENT,125
2022-12,AMMUNITION,362
2022-12,AMULET / NECKLACE,178
2022-12,ARMOUR OTHER,406
2022-12,BELT / GIRDLE,102
2022-12,BOOTS,85
2022-12,BRACERS,47
2022-12,BRASS INSTRUMENT,101
2022-12,CLOAK,246
2022-12,CLOTHING,250
2022-12,CONTAINER,215
2022-12,GAMING SET,109
2022-12,GAUNTLETS / GLOVES,82
2022-12,GOGGLES,97
2022-12,HEAVY ARMOUR,369
2022-12,HELMET,452
2022-12,IOUN STONE,245
2022-12,LIGHT ARMOUR,341
2022-12,LIVESTOCK,92
2022-12,MAGIC UTILITY,1376
2022-12,MARTIAL MELEE WEAPON,1574
2022-12,MARTIAL RANGED WEAPON,305
2022-12,MEDIUM ARMOUR,184
2022-12,MOUNT,539
2022-12,PERCUSSION INSTRUMENT,38
2022-12,POTIONS & ALCHEMY,703
2022-12,RING,382
2022-12,ROD,180
2022-12,SCROLL,842
2022-12,SHIELD,286
2022-12,SIMPLE MELEE WEAPON,897
2022-12,SIMPLE RANGED WEAPON,316
2022-12,SPELL FOCUS,651
2022-12,STAFF,483
2022-12,STRING INSTRUMENT,205
2022-12,SUMMONING DEVICE,388
2022-12,SURVIVAL & WILDERNESS,375
2022-12,TOOL KITS,483
2022-12,TOOLS,863
2022-12,VEHICLE,16
2022-12,WAND,365
2022-12,WEAPON OTHER,87
2022-12,WIND INSTRUMENT,108
2023-01,AMMUNITION,293
2023-01,AMULET / NECKLACE,199
2023-01,ARMOUR OTHER,457
2023-01,BELT / GIRDLE,91
2023-01,BOOTS,82
2023-01,BRACERS,70
2023-01,BRASS INSTRUMENT,96
2023-01,CLOAK,256
2023-01,CLOTHING,244
2023-01,CONTAINER,234
2023-01,GAMING SET,92
2023-01,GAUNTLETS / GLOVES,83
2023-01,GOGGLES,112
2023-01,HEAVY ARMOUR,414
2023-01,HELMET,445
2023-01,IOUN STONE,262
2023-01,LIGHT ARMOUR,352
2023-01,LIVESTOCK,102
2023-01,MAGIC UTILITY,1359
2023-01,MARTIAL MELEE WEAPON,1575
2023-01,MARTIAL RANGED WEAPON,306
2023-01,MEDIUM ARMOUR,190
2023-01,MOUNT,527
2023-01,PERCUSSION INSTRUMENT,44
2023-01,POTIONS & ALCHEMY,664
2023-01,RING,326
2023-01,ROD,167
2023-01,SCROLL,724
2023-01,SHIELD,286
2023-01,SIMPLE MELEE WEAPON,810
2023-01,SIMPLE RANGED WEAPON,286
2023-01,SPELL FOCUS,617
2023-01,STAFF,495
2023-01,STRING INSTRUMENT,195
2023-01,SUMMONING DEVICE,360
2023-01,SURVIVAL & WILDERNESS,375
2023-01,TOOL KITS,424
2023-01,TOOLS,817
2023-01,VEHICLE,25
2023-01,WAND,386
2023-01,WEAPON OTHER,75
2023-01,WIND INSTRUMENT,124
2023-02,AMMUNITION,260
2023-02,AMULET / NECKLACE,195
2023-02,ARMOUR OTHER,388
2023-02,BELT / GIRDLE,90
2023-02,BOOTS,101
2023-02,BRACERS,54
2023-02,BRASS INSTRUMENT,76
2023-02,CLOAK,230
2023-02,CLOTHING,226
2023-02,CONTAINER,190
2023-02,GAMING SET,87
2023-02,GAUNTLETS / GLOVES,89
2023-02,GOGGLES,125
2023-02,HEAVY ARMOUR,413
2023-02,HELMET,411
2023-02,IOUN STONE,246
2023-02,LIGHT ARMOUR,257
2023-02,LIVESTOCK,92
2023-02,MAGIC UTILITY,1236
2023-02,MARTIAL MELEE WEAPON,1444
2023-02,MARTIAL RANGED WEAPON,215
2023-02,MEDIUM ARMOUR,181
2023-02,MOUNT,483
2023-02,PERCUSSION INSTRUMENT,38
2023-02,POTIONS & ALCHEMY,629
2023-02,RING,377
2023-02,ROD,150
2023-02,SCROLL,683
2023-02,SHIELD,259
2023-02,SIMPLE MELEE WEAPON,828
2023-02,SIMPLE RANGED WEAPON,266
2023-02,SPELL FOCUS,609
2023-02,STAFF,419
2023-02,STRING INSTRUMENT,183
2023-02,SUMMONING DEVICE,319
2023-02,SURVIVAL & WILDERNESS,304
2023-02,TOOL KITS,395
2023-02,TOOLS,752
2023-02,VEHICLE,17
2023-02,WAND,347
2023-02,WEAPON OTHER,71
2023-02,WIND INSTRUMENT,110
2023-03,AMMUNITION,285
2023-03,AMULET / NECKLACE,211
2023-03,ARMOUR OTHER,470
2023-03,BELT / GIRDLE,82
2023-03,BOOTS,106
2023-03,BRACERS,59
2023-03,BRASS INSTRUMENT,96
2023-03,CLOAK,273
2023-03,CLOTHING,273
2023-03,CONTAINER,259
2023-03,GAMING SET,106
2023-03,GAUNTLETS / GLOVES,90
2023-03,GOGGLES,138
2023-03,HEAVY ARMOUR,463
2023-03,HELMET,430
2023-03,IOUN STONE,273
2023-03,LIGHT ARMOUR,318
2023-03,LIVESTOCK,77
2023-03,MAGIC UTILITY,1448
2023-03,MARTIAL MELEE WEAPON,1556
2023-03,MARTIAL RANGED WEAPON,248
2023-03,MEDIUM ARMOUR,184
2023-03,MOUNT,578
2023-03,PERCUSSION INSTRUMENT,45
2023-03,POTIONS & ALCHEMY,670
2023-03,RING,390
2023-03,ROD,161
2023-03,SCROLL,711
2023-03,SHIELD,300
2023-03,SIMPLE MELEE WEAPON,991
2023-03,SIMPLE RANGED WEAPON,277
2023-03,SPELL FOCUS,673
2023-03,STAFF,519
2023-03,STRING INSTRUMENT,181
2023-03,SUMMONING DEVICE,374
2023-03,SURVIVAL & WILDERNESS,337
2023-03,TOOL KITS,493
2023-03,TOOLS,778
2023-03,VEHICLE,12
2023-03,WAND,366
2023-03,WEAPON OTHER,78
2023-03,WIND INSTRUMENT,116
2023-04,AMMUNITION,251
2023-04,AMULET / NECKLACE,195
2023-04,ARMOUR OTHER,463
2023-04,BELT / GIRDLE,107
2023-04,BOOTS,76
2023-04,BRACERS,67
2023-04,BRASS INSTRUMENT,79
2023-04,CLOAK,249
2023-04,CLOTHING,238
2023-04,CONTAINER,224
2023-04,GAMING SET,105
2023-04,GAUNTLETS / GLOVES,88
2023-04,GOGGLES,127
2023-04,HEAVY ARMOUR,460
2023-04,HELMET,400
2023-04,IOUN STONE,270
2023-04,LIGHT ARMOUR,302
2023-04,LIVESTOCK,93
2023-04,MAGIC UTILITY,1347
2023-04,MARTIAL MELEE WEAPON,1477
2023-04,MARTIAL RANGED WEAPON,241
2023-04,MEDIUM ARMOUR,211
2023-04,MOUNT,577
2023-04,PERCUSSION INSTRUMENT,35
2023-04,POTIONS & ALCHEMY,655
2023-04,RING,329
2023-04,ROD,176
2023-04,SCROLL,720
2023-04,SHIELD,224
2023-04,SIMPLE MELEE WEAPON,837
2023-04,SIMPLE RANGED WEAPON,284
2023-04,SPELL FOCUS,652
2023-04,STAFF,403
2023-04,STRING INSTRUMENT,179
2023-04,SUMMONING DEVICE,370
2023-04,SURVIVAL & WILDERNESS,329
2023-04,TOOL KITS,413
2023-04,TOOLS,796
2023-04,VEHICLE,22
2023-04,WAND,345
2023-04,WEAPON OTHER,86
2023-04,WIND INSTRUMENT,115
2023-05,AMMUNITION,271
2023-05,AMULET / NECKLACE,191
2023-05,ARMOUR OTHER,458
2023-05,BELT / GIRDLE,100
2023-05,BOOTS,103
2023-05,BRACERS,69
2023-05,BRASS INSTRUMENT,90
2023-05,CLOAK,278
2023-05,CLOTHING,266
2023-05,CONTAINER,203
2023-05,GAMING SET,116
2023-05,GAUNTLETS / GLOVES,115
2023-05,GOGGLES,114
2023-05,HEAVY ARMOUR,442
2023-05,HELMET,386
2023-05,IOUN STONE,302
2023-05,LIGHT ARMOUR,294
2023-05,LIVESTOCK,73
2023-05,MAGIC UTILITY,1414
2023-05,MARTIAL MELEE WEAPON,1358
2023-05,MARTIAL RANGED WEAPON,267
2023-05,MEDIUM ARMOUR,193
2023-05,MOUNT,563
2023-05,PERCUSSION INSTRUMENT,38
2023-05,POTIONS & ALCHEMY,699
2023-05,RING,373
2023-05,ROD,178
2023-05,SCROLL,726
2023-05,SHIELD,261
2023-05,SIMPLE MELEE WEAPON,851
2023-05,SIMPLE RANGED WEAPON,286
2023-05,SPELL FOCUS,691
2023-05,STAFF,447
2023-05,STRING INSTRUMENT,202
2023-05,SUMMONING DEVICE,369
2023-05,SURVIVAL & WILDERNESS,354
2023-05,TOOL KITS,456
2023-05,TOOLS,812
2023-05,VEHICLE,22
2023-05,WAND,371
2023-05,WEAPON OTHER,87
2023-05,WIND INSTRUMENT,122
2023-06,AMMUNITION,242
2023-06,AMULET / NECKLACE,214
2023-06,ARMOUR OTHER,415
2023-06,BELT / GIRDLE,103
2023-06,BOOTS,94
2023-06,BRACERS,55
2023-06,BRASS INSTRUMENT,99
2023-06,CLOAK,250
2023-06,CLOTHING,259
2023-06,CONTAINER,203
2023-06,GAMING SET,108
2023-06,GAUNTLETS / GLOVES,112
2023-06,GOGGLES,99
2023-06,HEAVY ARMOUR,388
2023-06,HELMET,382
2023-06,IOUN STONE,277
2023-06,LIGHT ARMOUR,300
2023-06,LIVESTOCK,95
2023-06,MAGIC UTILITY,1358
2023-06,MARTIAL MELEE WEAPON,1373
2023-06,MARTIAL RANGED WEAPON,230
2023-06,MEDIUM ARMOUR,178
2023-06,MOUNT,531
2023-06,PERCUSSION INSTRUMENT,38
2023-06,POTIONS & ALCHEMY,685
2023-06,RING,352
2023-06,ROD,181
2023-06,SCROLL,734
2023-06,SHIELD,245
2023-06,SIMPLE MELEE WEAPON,773
2023-06,SIMPLE RANGED WEAPON,309
2023-06,SPELL FOCUS,638
2023-06,STAFF,401
2023-06,STRING INSTRUMENT,167
2023-06,SUMMONING DEVICE,366
2023-06,SURVIVAL & WILDERNESS,357
2023-06,TOOL KITS,432
2023-06,TOOLS,824
2023-06,VEHICLE,22
2023-06,WAND,359
2023-06,WEAPON OTHER,67
2023-06,WIND INSTRUMENT,122
2023-07,AMMUNITION,244
2023-07,AMULET / NECKLACE,208
2023-07,ARMOUR OTHER,388
2023-07,BELT / GIRDLE,98
2023-07,BOOTS,102
2023-07,BRACERS,50
2023-07,BRASS INSTRUMENT,76
2023-07,CLOAK,261
2023-07,CLOTHING,255
2023-07,CONTAINER,233
2023-07,GAMING SET,116
2023-07,GAUNTLETS / GLOVES,91
2023-07,GOGGLES,130
2023-07,HEAVY ARMOUR,412
2023-07,HELMET,400
2023-07,IOUN STONE,275
2023-07,LIGHT ARMOUR,287
2023-07,LIVESTOCK,82
2023-07,MAGIC UTILITY,1397
2023-07,MARTIAL MELEE WEAPON,1269
2023-07,MARTIAL RANGED WEAPON,268
2023-07,MEDIUM ARMOUR,185
2023-07,MOUNT,515
2023-07,PERCUSSION INSTRUMENT,35
2023-07,POTIONS & ALCHEMY,692
2023-07,RING,328
2023-07,ROD,159
2023-07,SCROLL,706
2023-07,SHIELD,233
2023-07,SIMPLE MELEE WEAPON,804
2023-07,SIMPLE RANGED WEAPON,283
2023-07,SPELL FOCUS,640
2023-07,STAFF,435
2023-07,STRING INSTRUMENT,188
2023-07,SUMMONING DEVICE,391
2023-07,SURVIVAL & WILDERNESS,355
2023-07,TOOL KITS,443
2023-07,TOOLS,830
2023-07,VEHICLE,20
2023-07,WAND,336
2023-07,WEAPON OTHER,57
2023-07,WIND INSTRUMENT,114
2023-08,AMMUNITION,271
2023-08,AMULET / NECKLACE,219
2023-08,ARMOUR OTHER,424
2023-08,BELT / GIRDLE,78
2023-08,BOOTS,87
2023-08,BRACERS,77
2023-08,BRASS INSTRUMENT,96
2023-08,CLOAK,282
2023-08,CLOTHING,252
2023-08,CONTAINER,234
2023-08,GAMING SET,109
2023-08,GAUNTLETS / GLOVES,116
2023-08,GOGGLES,128
2023-08,HEAVY ARMOUR,440
2023-08,HELMET,402
2023-08,IOUN STONE,271
2023-08,LIGHT ARMOUR,242
2023-08,LIVESTOCK,92
2023-08,MAGIC UTILITY,1476
2023-08,MARTIAL MELEE WEAPON,1420
2023-08,MARTIAL RANGED WEAPON,252
2023-08,MEDIUM ARMOUR,213
2023-08,MOUNT,596
2023-08,PERCUSSION INSTRUMENT,40
2023-08,POTIONS & ALCHEMY,728
2023-08,RING,397
2023-08,ROD,171
2023-08,SCROLL,767
2023-08,SHIELD,255
2023-08,SIMPLE MELEE WEAPON,821
2023-08,SIMPLE RANGED WEAPON,317
2023-08,SPELL FOCUS,688
2023-08,STAFF,429
2023-08,STRING INSTRUMENT,185
2023-08,SUMMONING DEVICE,410
2023-08,SURVIVAL & WILDERNESS,377
2023-08,TOOL KITS,470
2023-08,TOOLS,895
2023-08,VEHICLE,24
2023-08,WAND,368
2023-08,WEAPON OTHER,83
2023-08,WIND INSTRUMENT,124
2023-09,AMMUNITION,240
2023-09,AMULET / NECKLACE,188
2023-09,ARMOUR OTHER,374
2023-09,BELT / GIRDLE,123
2023-09,BOOTS,72
2023-09,BRACERS,67
2023-09,BRASS INSTRUMENT,87
2023-09,CLOAK,246
2023-09,CLOTHING,250
2023-09,CONTAINER,227
2023-09,GAMING SET,116
2023-09,GAUNTLETS / GLOVES,88
2023-09,GOGGLES,110
2023-09,HEAVY ARMOUR,473
2023-09,HELMET,345
2023-09,IOUN STONE,261
2023-09,LIGHT ARMOUR,263
2023-09,LIVESTOCK,97
2023-09,MAGIC UTILITY,1410
2023-09,MARTIAL MELEE WEAPON,1367
2023-09,MARTIAL RANGED WEAPON,279
2023-09,MEDIUM ARMOUR,188
2023-09,MOUNT,559
2023-09,PERCUSSION INSTRUMENT,37
2023-09,POTIONS & ALCHEMY,717
2023-09,RING,394
2023-09,ROD,151
2023-09,SCROLL,718
2023-09,SHIELD,246
2023-09,SIMPLE MELEE WEAPON,782
2023-09,SIMPLE RANGED WEAPON,322
2023-09,SPELL FOCUS,652
2023-09,STAFF,431
2023-09,STRING INSTRUMENT,214
2023-09,SUMMONING DEVICE,370
2023-09,SURVIVAL & WILDERNESS,348
2023-09,TOOL KITS,430
2023-09,TOOLS,813
2023-09,VEHICLE,30
2023-09,WAND,370
2023-09,WEAPON OTHER,74
2023-09,WIND INSTRUMENT,135
2023-10,AMMUNITION,244
2023-10,AMULET / NECKLACE,210
2023-10,ARMOUR OTHER,369
2023-10,BELT / GIRDLE,90
2023-10,BOOTS,92
2023-10,BRACERS,54
2023-10,BRASS INSTRUMENT,97
2023-10,CLOAK,261
2023-10,CLOTHING,257
2023-10,CONTAINER,229
2023-10,GAMING SET,125
2023-10,GAUNTLETS / GLOVES,82
2023-10,GOGGLES,139
2023-10,HEAVY ARMOUR,395
2023-10,HELMET,392
2023-10,IOUN STONE,293
2023-10,LIGHT ARMOUR,255
2023-10,LIVESTOCK,101
2023-10,MAGIC UTILITY,1542
2023-10,MARTIAL MELEE WEAPON,1094
2023-10,MARTIAL RANGED WEAPON,206
2023-10,MEDIUM ARMOUR,228
2023-10,MOUNT,549
2023-10,PERCUSSION INSTRUMENT,36
2023-10,POTIONS & ALCHEMY,673
2023-10,RING,409
2023-10,ROD,152
2023-10,SCROLL,747
2023-10,SHIELD,249
2023-10,SIMPLE MELEE WEAPON,745
2023-10,SIMPLE RANGED WEAPON,280
2023-10,SPELL FOCUS,725
2023-10,STAFF,336
2023-10,STRING INSTRUMENT,196
2023-10,SUMMONING DEVICE,441
2023-10,SURVIVAL & WILDERNESS,382
2023-10,TOOL KITS,462
2023-10,TOOLS,875
2023-10,VEHICLE,33
2023-10,WAND,324
2023-10,WEAPON OTHER,81
2023-10,WIND INSTRUMENT,115
2023-11,AMMUNITION,186
2023-11,AMULET / NECKLACE,222
2023-11,ARMOUR OTHER,355
2023-11,BELT / GIRDLE,120
2023-11,BOOTS,82
2023-11,BRACERS,57
2023-11,BRASS INSTRUMENT,99
2023-11,CLOAK,292
2023-11,CLOTHING,261
2023-11,CONTAINER,220
2023-11,GAMING SET,115
2023-11,GAUNTLETS / GLOVES,101
2023-11,GOGGLES,120
2023-11,HEAVY ARMOUR,301
2023-11,HELMET,377
2023-11,IOUN STONE,316
2023-11,LIGHT ARMOUR,225
2023-11,LIVESTOCK,83
2023-11,MAGIC UTILITY,1498
2023-11,MARTIAL MELEE WEAPON,979
2023-11,MARTIAL RANGED WEAPON,184
2023-11,MEDIUM ARMOUR,220
2023-11,MOUNT,589
2023-11,PERCUSSION INSTRUMENT,44
2023-11,POTIONS & ALCHEMY,699
2023-11,RING,365
2023-11,ROD,154
2023-11,SCROLL,771
2023-11,SHIELD,221
2023-11,SIMPLE MELEE WEAPON,668
2023-11,SIMPLE RANGED WEAPON,256
2023-11,SPELL FOCUS,707
2023-11,STAFF,333
2023-11,STRING INSTRUMENT,188
2023-11,SUMMONING DEVICE,384
2023-11,SURVIVAL & WILDERNESS,394
2023-11,TOOL KITS,444
2023-11,TOOLS,855
2023-11,VEHICLE,27
2023-11,WAND,283
2023-11,WEAPON OTHER,72
2023-11,WIND INSTRUMENT,118
2023-12,AMMUNITION,165
2023-12,AMULET / NECKLACE,222
2023-12,ARMOUR OTHER,356
2023-12,BELT / GIRDLE,111
2023-12,BOOTS,102
2023-12,BRACERS,60
2023-12,BRASS INSTRUMENT,92
2023-12,CLOAK,287
2023-12,CLOTHING,304
2023-12,CONTAINER,233
2023-12,GAMING SET,133
2023-12,GAUNTLETS / GLOVES,120
2023-12,GOGGLES,120
2023-12,HEAVY ARMOUR,217
2023-12,HELMET,331
2023-12,IOUN STONE,355
2023-12,LIGHT ARMOUR,221
2023-12,LIVESTOCK,86
2023-12,MAGIC UTILITY,1625
2023-12,MARTIAL MELEE WEAPON,926
2023-12,MARTIAL RANGED WEAPON,172
2023-12,MEDIUM ARMOUR,201
2023-12,MOUNT,608
2023-12,PERCUSSION INSTRUMENT,38
2023-12,POTIONS & ALCHEMY,752
2023-12,RING,409
2023-12,ROD,159
2023-12,SCROLL,810
2023-12,SHIELD,205
2023-12,SIMPLE MELEE WEAPON,613
2023-12,SIMPLE RANGED WEAPON,200
2023-12,SPELL FOCUS,724
2023-12,STAFF,291
2023-12,STRING INSTRUMENT,219
2023-12,SUMMONING DEVICE,439
2023-12,SURVIVAL & WILDERNESS,420
2023-12,TOOL KITS,506
2023-12,TOOLS,926
2023-12,VEHICLE,18
2023-12,WAND,332
2023-12,WEAPON OTHER,76
2023-12,WIND INSTRUMENT,152
